50 Cent	ISFJ	men_files/50-cent.jpg
A. A. Milne	INFP	files2/milne_egg.jpg
Abraham Lincoln	INTP	philosophers_files/lincoln.jpg
Adam Savage	ENTP	men_files/adam-savage.jpg
Adam Smith	INTP	philosophers_files/smith.jpg
Adam Young	ESFJ	men_files/adam-young.jpg
Adele	ENTJ	women_pics/adele.jpg
Adrien Brody	INFJ	men_files/adrien-brody.jpg
Agatha Christie	INFJ	files2/agatha-christie.jpg
Al Gore	ENTJ	philosophers_files/gore.jpg
Al Pacino	INFJ	men_files/al-pacino.jpg
Alan Dershowitz	ESTJ	philosophers_files/alan-dershowitz.jpg
Alan Greenspan	INTP	philosophers_files/greenspan.jpg
Alan Watts	ENFP	files2/alan-watts.jpg
Albert Camus	INFP	files2/albert-camus.jpg
Albert Einstein	INTP	philosophers_files/einstein.jpg
Aldous Huxley	ENFP	philosophers_files/huxley.jpg
Alec Baldwin	ESTJ	men_files/alec-baldwin.jpg
Alexander Hamilton	ENTJ	files2/alexander-hamilton.jpg
Alfred Adler	ENFJ	files2/alfred-adler.jpg
Alfred Hitchcock	ESTP	men_files/alfred-hitchcock.jpg
Alicia Keys	ESFJ	women_pics/alicia-keys.jpg
Alicia Silverstone	ENFP	women_pics/alicia-silverstone.jpg
Alyson Hannigan	ESFJ	women_pics/alyson-hannigan.jpg
Amy Chua	ESTJ	philosophers_files/chua.jpg
Amy Winehouse	ESTP	women_pics/winehouse.jpg
Anais Nin	ENFP	files2/anais-nin.jpg
Andreas Scholl	INTP	men_files/andreas-scholl.jpg
Andrew Bird	ISFP	men_files/andrew-bird.jpg
Andrew Carnegie	ESFJ	files2/andrew-carnegie2.jpg
Andrew Garfield	INFP	men_files/andrew-garfield.jpg
Andrew Jackson	ESTP	files2/andrew-jackson.jpg
Andy Rooney	ESFJ	philosophers_files/rooney.jpg
Andy Warhol	INFP	philosophers_files/warhol.jpg
Angela Merkel	ISTJ	files2/angela-merkel.jpg
Angelina Jolie	ESTP	women_pics/angelina-jolie1.jpg
Ann Coulter	ESTJ	philosophers_files/coulter.jpg
Anna Kendrick	ISTP	women_pics/anna-kendrick.jpg
Anna Wintour	ESTP	files2/anna-wintour.jpg
AnnaSophia Robb	ENFJ	women_pics/annasophia-robb.jpg
Anne Frank	ENFP	philosophers_files/frank.jpg
Anne Hathaway	ESFJ	women_pics/anne-hathaway.jpg
Anthony Hopkins	ISFJ	men_files/anthony-hopkins.jpg
Antoine de Saint-Exupery	INFP	files2/saint-exupery_egg.jpg
Arianna Huffington	ENFP	files2/arianna-huffington.jpg
Aristotle	ENTJ	philosophers_files/aristotle.jpg
Arnold Schwarzenegger	INTJ	men_files/arnold-schwarzenegger.jpg
Arthur Conan Doyle	ESTP	files2/arthur-conan-doyle.jpg
Arthur Wellington	ISTJ	files2/arthur-wellesley.jpg
Ashley Olsen	INTJ	women_pics/ashley-olsen5.jpg
Ashton Kutcher	ISTP	men_files/ashton-kutcher.jpg
Asia Carrera	INTP	women_pics/asia-carrera.jpg
Audrey Hepburn	ISFP	women_pics/audrey-hepburn.jpg
Augustus	ISTJ	files2/augustus-color.jpg
Aung San Suu Kyi	ENTJ	files2/aung-san-suu-kyi.jpg
Avril Lavigne	ISFP	women_pics/avril-lavigne.jpg
Ayaan Hirsi Ali	ISTJ	philosophers_files/ali.jpg
Ayn Rand	INTJ	files2/ayn-rand.jpg
Barack Obama	ENTP	philosophers_files/obama.jpg
Barbara Walters	ESFJ	women_files/barbara-walters.jpg
Baruch Spinoza	INFJ	philosophers_files/spinoza.jpg
Ben Affleck	ESTP	men_files/ben-affleck.jpg
Ben Stein	INTP	men_files/ben-stein.jpg
Benjamin Franklin	ENTP	philosophers_files/franklin.jpg
Bernard Montgomery	ESTJ	files2/bernard-montgomery3.jpg
Bertrand Russell	ENTP	philosophers_files/russell.jpg
Beyonce	ESFP	women_pics/beyonce.jpg
Bill Clinton	ESFP	files2/bill-clinton.jpg
Bill Gates	ENTJ	files2/bill-gates.jpg
Bill Hicks	ENTP	men_files/bill-hicks.jpg
Bill Maher	ENTP	men_files/bill-maher.jpg
Bill O'Reilly	ESTJ	philosophers_files/oreilly.jpg
Bill Watterson	INFP	philosophers_files/watterson.jpg
Billy Graham	ESTJ	files2/billy-graham.jpg
Bjork	INFP	women_pics/bjork.jpg
Bob Dylan	ISFP	men_files/bob-dylan.jpg
Bobby Fischer	INTJ	files2/bobby-fischer.jpg
Bono	ENFJ	men_files/bono.jpg
Brad Pitt	ISFP	men_files/brad-pitt.jpg
Bret Easton Ellis	ESTP	files2/bret-easton-ellis.jpg
Brian Cox	ENFP	files2/brian-cox.jpg
Brian May	ISFJ	men_files/brian-may.jpg
Britney Spears	ISFP	women_pics/britney_spears.jpg
Bruce Lee	ISTP	men_files/bruce-lee.jpg
Bruce Willis	ISFJ	men_files/willis.jpg
C.S. Lewis	INFP	files2/c-s-lewis.jpg
Calvin Coolidge	ISTJ	philosophers_files/calvin-coolidge.jpg
Cameron Diaz	ESFP	women_pics/cameron-diaz.jpg
Camilla Parker Bowles	ESTP	women_pics/camilla-parker-bowles.jpg
Carey Mulligan	INFJ	women_pics/carey-mulligan.jpg
Carl Gustav Jung	INFJ	philosophers_files/jung.jpg
Carl Sagan	ENTJ	files2/carl-sagan.jpg
Carly Rae Jepsen	ENFP	women_pics/carly-rae-jepsen.jpg
Cate Blanchett	INFJ	women_pics/cate-blanchett.jpg
Catherine the Great	ENTP	files2/catherine-the-great.jpg
Cedric Bixler-Zavala	ENTP	men_files/cedric-bixler-zavala.jpg
Celine Dion	ESFJ	women_pics/celine-dion.jpg
Charles Darwin	INTP	files2/charles-darwin1.jpg
Charlie Rose	ENFJ	men_files/charlie-rose.jpg
Charlize Theron	ENTJ	women_pics/charlize-theron.jpg
Charlotte Gainsbourg	INTP	women_pics/charlotte-gainsbourg.jpg
Chloe Grace Moretz	ESFP	women_pics/chloe-grace-moretz.jpg
Chloe Sevigny	INFP	women_pics/chloe-sevigny.jpg
Chris Wallace	ESFJ	files2/chris-wallace.jpg
Christian Bale	ISTP	men_files/christian-bale.jpg
Christina Aguilera	ISFP	women_pics/christina-aguilera.jpg
Christopher Hitchens	INTJ	files2/christopher-hitchens.jpg
Christopher Lee	ISTJ	men_files/christopher-lee.jpg
Christopher Walken	ISFJ	men_files/christopher-walken.jpg
Cicero	ENFJ	philosophers_files/cicero.jpg
Clint Eastwood	ISTP	men_files/clint-eastwood.jpg
Cobie Smulders	ENTJ	women_pics/cobiesmulders.jpg
Colin Powell	ESFJ	files2/colin-powell.jpg
Condoleezza Rice	ESTJ	philosophers_files/rice.jpg
Courteney Cox	ESTJ	women_pics/courteney-cox1.jpg
Dakota Fanning	ENFJ	women_pics/dakota-fanning.jpg
Dalai Lama XIV	ISTP	files2/dalai-lama.jpg
Dale Carnegie	ESTP	philosophers_files/carnegie.jpg
Dana White	ESFP	files2/dana-white.jpg
Danica McKellar	ISTJ	women_pics/danica-mckellar.jpg
Daniel Craig	ISTP	men_files/daniel-craig.jpg
Daniel Day-Lewis	INFJ	men_files/daniel-day-lewis.jpg
Daniel Goleman	ENFJ	philosophers_files/goleman.jpg
Daniel Radcliffe	ENFP	men_files/daniel-radcliffe.jpg
Danielle de Niese	ESFP	women_pics/danielle-de-niese.jpg
Dante Alighieri	INFJ	philosophers_files/dante.jpg
David Beckham	ISFP	men_files/david-beckham.jpg
David Blaine	ISTP	men_files/david-blaine.jpg
David Bowie	ISFP	men_files/david-bowie.jpg
David Cronenberg	INTP	men_files/david-cronenberg3.jpg
David Fincher	INFJ	men_files/david-fincher.jpg
David Gilmour	ISFP	men_files/david-gilmour.jpg
David Hume	ENTP	philosophers_files/hume.jpg
David Hyde Pierce	ENTP	men_files/david-hyde-pierce.jpg
David Letterman	ENTJ	men_files/david-letterman.jpg
David Lynch	INFP	philosophers_files/lynch.jpg
David Petraeus	ISFJ	files2/david-petraeus.jpg
David Schwimmer	INFJ	men_files/david-schwimmer.jpg
David Simon	INFP	men_files/david-simon.jpg
Deepak Chopra	ESFP	files2/deepak-chopra.jpg
Demi Moore	ISTP	women_pics/demi-moore.jpg
Denzel Washington	ESFP	men_files/denzel-washington.jpg
Derren Brown	INFJ	men_files/derren-brown.jpg
Desmond Tutu	ESFJ	files2/desmond-tutu.jpg
Diablo Cody	ENTP	women_pics/diablo-cody.jpg
Dick Cheney	ENTJ	files2/dick-cheney.jpg
Diogenes the Dog	ISTP	philosophers_files/diogenes.jpg
Dita von Teese	ISFP	women_pics/dita-von-teese.jpg
Donald Rumsfeld	ISTP	files2/donald-rumsfeld.jpg
Donald Trump	ESTP	philosophers_files/trump.jpg
Douglas MacArthur	ESTP	files2/douglas-macarthur.jpg
Dr. Dre	ISFJ	men_files/dr-dre.jpg
Dr. Drew	ENFJ	files2/drew-pinsky.jpg
Dr. Phil	ESTJ	files2/dr-phil.jpg
Drew Barrymore	ISFP	women_pics/drew_barrymore.jpg
Dwight D. Eisenhower	ISTJ	files2/dwight-eisenhower.jpg
Edgar Allan Poe	INFP	files2/edgar-allan-poe.jpg
Edmund Burke	ENTP	files2/edmund-burke.jpg
Edward Norton	INFJ	men_files/edward-norton.jpg
Elizabeth II	ISTJ	files2/elizabethii.jpg
Elizabeth Olsen	ENTP	women_pics/elizabeth-olsen.jpg
Elizabeth Taylor	ISFP	philosophers_files/elizabethtaylor.jpg
Ellen DeGeneres	ENFP	women_pics/ellen-degeneres.jpg
Ellen Page	ISTP	women_pics/ellen-page.jpg
Elon Musk	INTJ	files2/elon-musk.jpg
Elton John	ESFJ	men_files/elton-john.jpg
Eminem	ISFP	philosophers_files/eminem.jpg
Emma Stone	ENFJ	women_pics/emma-stone.jpg
Emma Watson	ESTJ	women_pics/emma-watson.jpg
Enya	ISFP	women_pics/enya.jpg
Epicurus	ESTP	files2/epicurus.jpg
Erasmus of Rotterdam	ENFJ	files2/erasmus.jpg
Eric Adams	ESFJ	men_files/eric-adams.jpg
Erich Fromm	ENFJ	philosophers_files/fromm.jpg
Ernest Hemingway	ESTP	philosophers_files/hemingway.jpg
Erwin Rommel	ISTP	files2/erwin-rommel.jpg
Evan Rachel Wood	ESFP	women_pics/evan-rachel-wood.jpg
Federico Fellini	ENTP	men_files/federico-fellini.jpg
Fiona Apple	INFP	women_pics/fiona-apple.jpg
Florence Welch	INFP	women_pics/florence-welch.jpg
Francis	ESFJ	files2/pope-francis.jpg
Frank Ocean	ISFP	men_files/frank-ocean.jpg
Frank Zappa	ISTP	men_files/frank-zappa.jpg
Franklin D. Roosevelt	ESTP	files2/fdr1-small.jpg
Franz Kafka	INFP	files2/franz-kafka.jpg
Frederick the Great	ISTJ	files2/frederick-the-great.jpg
Friedrich A. Hayek	INTP	files2/friedrich-hayek.jpg
Friedrich Nietzsche	INTJ	philosophers_files/nietzsche.jpg
Fyodor Dostoevsky	INFJ	files2/dostoevsky.jpg
G.W.F. Hegel	INTJ	philosophers_files/hegel.jpg
Garry Kasparov	ENTJ	files2/garry-kasparov.jpg
George A. Custer	ISFJ	files2/george-armstrong-custer3.jpg
George Carlin	ENFP	men_files/george-carlin.jpg
George Clooney	ENTJ	men_files/george-clooney.jpg
George H.W. Bush	ISFJ	files2/george-h-w-bush.jpg
George Harrison	INFJ	men_files/george-harrison.jpg
George Marshall	ISFJ	files2/george-c-marshall.jpg
George Orwell	INFP	files2/george-orwell.jpg
George R.R. Martin	INFP	files2/george-r-r-martin.jpg
George S. Patton	ESTP	philosophers_files/patton.jpg
George W. Bush	ESTP	philosophers_files/bush2.jpg
George Washington	ISTJ	files2/george-washington.jpg
Gerald Ford	ESFJ	files2/gerald-ford.jpg
Gillian Anderson	ENTP	women_pics/gillian_anderson.jpg
Glenn Beck	ESTP	philosophers_files/beck.jpg
Glenn Close	ESTP	women_pics/glenn-close.jpg
Glenn Gould	INTP	men_files/glenn-gould.jpg
Grant Uland	ISTJ	
Gwen Stefani	ENFP	women_pics/gwen-stefani.jpg
Gwyneth Paltrow	ISFJ	women_pics/gwyneth-paltrow.jpg
H.L. Mencken	INTJ	files2/h-l-mencken.jpg
Halle Berry	ISFJ	women_pics/halle-berry.jpg
Hannah Arendt	INTP	files2/hannah-arendt2.jpg
Hans Christian Andersen	INFP	philosophers_files/andersen.jpg
Harrison Ford	ISTP	men_files/harrison-ford.jpg
Harry S. Truman	ESFJ	files2/harry-truman.jpg
Harry Styles	ESFP	men_files/harry-styles.jpg
Heath Ledger	INFP	men_files/heath-ledger.jpg
Helen Mirren	ESTP	women_pics/helen-mirren.jpg
Helena Bonham Carter	ENFJ	women_pics/carter.jpg
Henry Ford	ESTJ	files2/henry-ford1.jpg
Henry Kissinger	ENTP	philosophers_files/kissinger.jpg
Heraclitus	INTJ	philosophers_files/heraclitus.jpg
Hillary Clinton	ESTJ	philosophers_files/hillary-clinton.jpg
Homer	INFP	philosophers_files/homer.jpg
Horatio Nelson	ESFP	files2/lord-nelson.jpg
Howard Schultz	ESFP	files2/howard-schultz.jpg
Hugh Grant	ENTP	men_files/hugh-grant.jpg
Hugh Hefner	ESFP	files2/hugh-hefner.jpg
Hugh Jackman	ESFJ	men_files/hugh-jackman.jpg
Hunter S. Thompson	ENFP	philosophers_files/thompson.jpg
Ian Curtis	INFP	men_files/ian-curtis.jpg
Immanuel Kant	INTP	files2/immanuel-kant.jpg
Ingvar Kamprad	ISTJ	files2/ingvar-kamprad2.jpg
Isaac Asimov	INTJ	files2/isaac-asimov.jpg
Isaac Newton	INTJ	files2/isaac-newton.jpg
Ivanka Trump	ESTJ	philosophers_files/trump2.jpg
J.K. Rowling	INFP	philosophers_files/rowling.jpg
J.R.R. Tolkien	INFP	files2/j-r-r-tolkien.jpg
Jack Dorsey	ISTP	files2/jack-dorsey.jpg
Jack Nicholson	ESTP	men_files/jack-nicholson.jpg
Jack Welch	ENTJ	files2/jack-welch.jpg
Jack White	ENFP	men_files/jack-white.jpg
Jacqueline Kennedy Onassis	ISFP	files2/jacqueline-kennedy-onassis.jpg
Jacques Derrida	ENFP	files2/jacques-derrida.jpg
James Cameron	INTJ	files2/james-cameron.jpg
James Deen	ESTP	men_files/james-deen.jpg
James Lipton	ENFJ	philosophers_files/lipton.jpg
James Madison	INTP	philosophers_files/madison.jpg
James Mercer	ENFP	men_files/james-mercer.jpg
James Randi	ESTP	philosophers_files/randi.jpg
Jamie Bell	ESFJ	men_files/jamie-bell.jpg
Jamie Hyneman	ISTJ	men_files/jamie-hyneman.jpg
Jamie Oliver	ESFP	philosophers_files/oliver.jpg
Jane Austen	INTP	philosophers_files/austen.jpg
Jarvis Cocker	INFP	men_files/jarvis-cocker.jpg
Jason Segel	ESFJ	men_files/jason-segel.jpg
Jay-Z	INTJ	men_files/jay-z.jpg
Jean-Jacques Rousseau	INFP	philosophers_files/rousseau.jpg
Jean-Paul Sartre	INTJ	philosophers_files/sartre.jpg
Jeff Bezos	ISTJ	files2/jeff-bezos.jpg
Jenna Elfman	ENFP	women_pics/jenna_elfman.jpg
Jenna Jameson	ISTP	women_pics/jenna-jameson.jpg
Jennifer Aniston	ENFP	women_pics/jennifer-aniston.jpg
Jennifer Garner	ESFJ	women_pics/jennifer-garner.jpg
Jennifer Lawrence	ENFJ	women_pics/jennifer-lawrence.jpg
Jenny McCarthy	ESFJ	philosophers_files/jenny-mccarthy.jpg
Jeremy Clarkson	ENTP	men_files/jeremy-clarkson.jpg
Jerry Falwell	ESTJ	files2/jerry-falwell.jpg
Jerry Seinfeld	ENFP	men_files/jerry-seinfeld.jpg
Jess Lee Yarbrough	INFJ	http://i.imgur.com/y1vAjGm.jpg
Jesse Eisenberg	INTP	men_files/jesse-eisenberg.jpg
Jessica Alba	ESFJ	women_pics/jessica-alba.jpg
Jessica Simpson	ISFJ	women_pics/jessica-simpson.jpg
Jim Morrison	INFP	men_files/jim-morrison.jpg
Jimi Hendrix	ISFP	men_files/jimi-hendrix.jpg
Jimmy Carter	ISFJ	files2/jimmy-carter.jpg
Jimmy Wales	INTP	philosophers_files/wales.jpg
Jodie Foster	INTJ	women_pics/Jodie_Foster.jpg
Joe Biden	ENFJ	philosophers_files/biden.jpg
Joern Utzon	ISFP	files2/joern-utzon.jpg
Johann von Goethe	ENFJ	files2/goethe.jpg
John Adams	INTJ	files2/john-adams.jpg
John Boehner	ESFJ	files2/john-boehner.jpg
John Cleese	ENTP	men_files/john-cleese.jpg
John F. Kennedy	ESFP	philosophers_files/john-f-kennedy.jpg
John Kerry	INFP	files2/john-kerry.jpg
John le Carre	INTP	files2/john-le-carre.jpg
John Lennon	INFP	philosophers_files/lennon.jpg
John Locke	INTP	philosophers_files/locke.jpg
John Mayer	INFP	men_files/john-mayer.jpg
John Maynard Keynes	INTJ	files2/j-m-keynes.jpg
John Milton	INFP	philosophers_files/milton.jpg
John Nash	INTJ	files2/john-nash.png
John Paul II	ENFJ	files2/john-paul-ii.jpg
John Stuart Mill	ENTP	files2/john-stuart-mill.jpg
John Travolta	ISFP	men_files/john-travolta.jpg
Johnny Depp	INFP	men_files/johnny-depp.jpg
Jon Stewart	ENTP	philosophers_files/stewart.jpg
Jonathan Ive	ISFP	files2/jonathan-ive.jpg
Joseph Campbell	ENFP	files2/joseph-campbell.jpg
Joseph Ratzinger	ISTJ	files2/joseph-ratzinger.jpg
Josh Radnor	INFJ	men_files/josh-radnor.jpg
Jude Law	INFP	men_files/jude-law.jpg
Judge Judy	ESTJ	women_pics/judge-judy.jpg
Judi Dench	ESTP	women_pics/judi-dench.jpg
Julia Stiles	INTJ	women_pics/stiles.jpg
Julian Assange	ENFP	philosophers_files/assange.jpg
Julius Caesar	ENTJ	files2/julius-caesar.jpg
Justin Bieber	ESFP	men_files/justin-bieber.jpg
Justin Timberlake	ISFP	men_files/justin-timberlake.jpg
Kanye West	ISFJ	men_files/kanye-west.jpg
Karl Lagerfeld	ENTP	men_files/karl-lagerfeld.jpg
Karl Marx	INTJ	files2/karl-marx.jpg
Karl Popper	ENTP	files2/karl-popper2.jpg
Karl Rove	ENTJ	files2/karl-rove.jpg
Kate Bush	ISFP	women_pics/kate-bush-ivy.jpg
Kate Middleton	ISFJ	women_pics/kate-middleton.jpg
Kate Winslet	ENFJ	women_pics/kate_winslet.jpg
Katharine Hepburn	ENTJ	women_pics/katharine-hepburn.jpg
Katie Couric	ENFP	philosophers_files/couric.jpg
Katie Holmes	ISFJ	women_pics/katie-holmes.jpg
Katy Perry	ESFP	women_pics/katy-perry.jpg
Keira Knightley	ENFP	women_pics/keira-knightley.jpg
Keith Richards	ISFP	men_files/keith-richards.jpg
Kelsey Grammer	ESTJ	men_files/kelsey-grammer.jpg
Kevin Barnes	ENTP	philosophers_files/barnes.jpg
Kevin Spacey	ESTP	men_files/kevin-spacey.jpg
Kim Kardashian	ISFJ	women_pics/kim-kardashian2.jpg
Kirsten Dunst	ISFJ	women_pics/kirsten_dunst1.jpg
Kristen Stewart	ISTP	women_pics/kristen-stewart2.jpg
Kurt Cobain	INFP	philosophers_files/cobain.jpg
Kurt Vonnegut	ENFP	files2/kurt-vonnegut2.jpg
L. Ron Hubbard	ESTP	philosophers_files/hubbard.jpg
Lady Gaga	ISFP	women_pics/lady-gaga.jpg
Lance Reddick	ISFJ	men_files/lance-reddick.jpg
Larry Ellison	ESFP	files2/larry-ellison.jpg
Larry King	ESFJ	files2/larry-king.jpg
Larry Page	INTP	files2/larry-page.jpg
Lars von Trier	INFJ	philosophers_files/vontrier.jpg
Laura Harring	ESFJ	women_pics/laura-harring.jpg
Laura Schlessinger	ESTJ	philosophers_files/schlessinger.jpg
Leni Riefenstahl	ISFP	files2/leni-riefenstahl.jpg
Leona Lewis	ISFP	women_pics/leona-lewis.jpg
Leonard Cohen	INFJ	men_files/leonard-cohen.jpg
Leonardo DiCaprio	ESFP	men_files/leonardo-dicaprio.jpg
Lesley Stahl	ESFJ	women_pics/lesley-stahl.jpg
Liv Tyler	ISFP	women_pics/liv-tyler.jpg
Louis C.K.	INFP	men_files/louis-c-k.jpg
Lucy Liu	ESTJ	women_pics/lucy-liu.jpg
Ludwig Wittgenstein	INFJ	philosophers_files/wittgenstein.jpg
Lyndon B. Johnson	ESTP	files2/lyndon-b-johnson.jpg
Maddox	ENTP	men_files/maddox.jpg
Madeleine Albright	ENTJ	files2/madeleine-albright2.jpg
Madonna	ESTP	women_pics/madonna.jpg
Mahatma Gandhi	INFJ	files2/mahatma-gandhi.jpg
Malcolm X	ESTP	files2/malcolm-x.jpg
Marcus Aurelius	ISFJ	philosophers_files/aurelius.jpg
Margaret Thatcher	ENTJ	philosophers_files/thatcher.jpg
Mariah Carey	ESFJ	women_pics/mariah-carey.jpg
Marie Curie	INTP	files2/marie-curie.jpg
Marilyn Manson	INFJ	men_files/marilyn-manson.jpg
Marilyn Monroe	ISFP	philosophers_files/marilynmonroe.jpg
Marina Diamandis	ESFP	women_pics/marina-and-the-diamonds.jpg
Mark Twain	ENFP	philosophers_files/twain.jpg
Mark Zuckerberg	INTJ	files2/mark-zuckerberg.jpg
Marquis de Sade	ESTP	files2/marquis-de-sade.jpg
Martha Stewart	ESTJ	files2/martha-stewart.jpg
Martin Heidegger	ISTJ	files2/heidegger.jpg
Martin Luther	INTJ	files2/martin-luther.jpg
Martin Luther King, Jr.	ENFJ	philosophers_files/king.jpg
Mary Wollstonecraft	INFJ	files2/mary-wollstonecraft.jpg
Mary-Kate Olsen	INFP	women_pics/mary-kate-olsen.jpg
Matt Damon	ISTJ	men_files/matt-damon.jpg
Matthew Inman	ENTP	men_files/matthew-inman.jpg
Matthew Perry	ENTP	men_files/matthew-perry.jpg
Matthieu Ricard	ENFJ	files2/matthieu-ricard.jpg
Megan Fox	ESTP	women_pics/megan-fox.jpg
Megan Mullally	ENTP	women_pics/megan-mullally.jpg
Mel Gibson	ESFP	men_files/mel-gibson.jpg
Meryl Streep	ESTP	women_pics/meryl-streep.jpg
Mia Wasikowska	INFP	women_pics/mia-wasikowska.jpg
Michael Jackson	ISFP	philosophers_files/michaeljackson.jpg
Michael Moore	ENFJ	files2/michael-moore.jpg
Michelle Malkin	ESTJ	files2/michelle-malkin.jpg
Michelle Obama	ESTJ	philosophers_files/mobama.jpg
Michelle Pfeiffer	INFJ	women_pics/michelle-pfeiffer.jpg
Michio Kaku	ENFP	files2/michio-kaku.jpg
Mick Jagger	ISFP	men_files/mick-jagger.jpg
Mikhail Gorbachev	ENFJ	files2/mikhail-gorbachev.jpg
Mila Kunis	ESTP	women_pics/mila-kunis.jpg
Miles Davis	ISTP	men_files/miles-davis1.jpg
Miley Cyrus	ESFP	women_pics/miley-cyrus.jpg
Milla Jovovich	ESTP	women_pics/milla-jovovich.jpg
Milton Friedman	INTP	philosophers_files/friedman.jpg
Mitt Romney	ISFJ	files2/mitt-romney.jpg
Miyamoto Musashi	ISTP	philosophers_files/musashi.jpg
Monica Bellucci	ISFP	women_pics/monica_bellucci.jpg
Morgan Freeman	ENFJ	men_files/morganfreeman.jpg
Morrissey	INFP	men_files/morrissey.jpg
Mother Teresa	ISFJ	files2/mother-teresa.jpg
Muhammad	ESTJ	philosophers_files/muhammad.jpg
Murray Rothbard	ENTP	philosophers_files/rothbard.jpg
Mystery	INFJ	men_files/mystery.jpg
Nancy Grace	ESTJ	women_pics/nancy-grace.jpg
Nancy Pelosi	ENTJ	files2/nancy-pelosi.jpg
Naomi Klein	ENFP	files2/naomi-klein.jpg
Naomi Watts	ISFJ	women_pics/naomi_watts.jpg
Napoleon Bonaparte	ENTJ	files2/napoleon-bonaparte.jpg
Natalie Portman	ISTJ	women_pics/natalie_portman.jpg
Neil deGrasse Tyson	ENFJ	files2/neil-degrasse-tyson.jpg
Neil Patrick Harris	ENTP	men_files/neil-patrick-harris.jpg
Nelson Mandela	ENFJ	files2/nelson-mandela.jpg
Nero	ISFP	philosophers_files/nero.jpg
Newt Gingrich	ENTP	files2/newt-gingrich.jpg
Niccolo Machiavelli	ENTP	philosophers_files/machiavelli.jpg
Nick Fox	INTP	
Nick Offerman	ISTJ	men_files/nick-offerman.jpg
Nicki Minaj	ESFP	women_pics/nicki-minaj.jpg
Nicolas Cage	INFP	men_files/nicolas-cage.jpg
Nicole Kidman	ISFP	women_pics/nicole-kidman.jpg
Niels Bohr	INFJ	files2/niels-bohr.jpg
Nigella Lawson	ENFJ	files2/nigella-lawson.jpg
Nikola Tesla	INTJ	files2/nikola-tesla.jpg
Noam Chomsky	INFJ	files2/noam-chomsky.jpg
Oliver Stone	ENFP	men_files/oliver-stone.jpg
Oprah Winfrey	ENFJ	philosophers_files/oprah.jpg
Oscar Wilde	ENFP	philosophers_files/wilde.jpg
Osho	ENFP	files2/osho.jpg
Pamela Anderson	ISFP	women_pics/pamela-anderson.jpg
Paris Hilton	ISFP	women_pics/paris-hilton.jpg
Paul Allen	INTP	files2/paul-allen.jpg
Paul Krugman	INTJ	files2/paul-krugman.jpg
Paul McCartney	ISFP	files2/paul-mccartney.jpg
Paul of Tarsus	ESTJ	files2/paul.jpg
Paulo Coelho	ESFP	files2/paulo-coelho.jpg
Penelope Cruz	ESFJ	women_pics/penelope-cruz.jpg
Penn Jillette	ENTJ	files2/penn-jillette.jpg
Peter Schiff	ESTP	philosophers_files/schiff.jpg
Peter the Great	ESFP	files2/peter-the-great.jpg
Peter Thiel	ENTJ	files2/peter-thiel.jpg
Phil Ivey	ISTP	men_files/phil-ivey.jpg
Philippe Jaroussky	ENFP	men_files/philippe-jaroussky.jpg
Pink	ESFP	women_pics/pink.jpg
Prince	ISFP	men_files/prince.jpg
Prince Charles	ISFJ	philosophers_files/charles.jpg
Prince Frederik	ISFP	files2/frederik.jpg
Prince Harry	ISFP	men_files/prince-harry.jpg
Prince William	ESFJ	men_files/prince-william.jpg
Princess Diana	ISFP	women_pics/princess-diana.jpg
Princess Mary	ISFJ	files2/mary.jpg
Quentin Tarantino	ESFP	philosophers_files/tarantino.jpg
Rachel Maddow	ENFP	files2/rachel-maddow.jpg
Rahm Emanuel	ENTJ	files2/rahm-emanuel.jpg
Ralph Nader	ENFP	philosophers_files/nader.jpg
Randall Munroe	INTP	men_files/randall-munroe.jpg
Randy Jackson	ESFJ	men_files/randy-jackson.jpg
Reese Witherspoon	ENFJ	women_pics/reese-witherspoon.jpg
Regina Spektor	INFP	women_pics/regina-spektor.jpg
Regis Philbin	ESFJ	files2/regis-philbin.jpg
Rene Descartes	INTP	philosophers_files/descartes.jpg
Richard Ayoade	INTP	men_files/richard-ayoade.jpg
Richard Branson	ESFP	files2/richard-branson.jpg
Richard Dawkins	INTP	files2/richard-dawkins.jpg
Richard Feynman	ENTP	philosophers_files/feynman.jpg
Richard Nixon	ISTJ	philosophers_files/nixon.jpg
Rick Santorum	ESFJ	files2/rick-santorum.jpg
Rihanna	ISFP	women_pics/rihanna.jpg
Ringo Starr	ESFP	men_files/ringo-starr.jpg
Rivers Cuomo	ISTJ	men_files/rivers-cuomo.jpg
Robbie Williams	ESFP	men_files/robbie-williams.jpg
Robert De Niro	ISTJ	men_files/robert-de-niro.jpg
Robert Downey Jr.	ENTP	men_files/downey.jpg
Robert E. Lee	ISFJ	philosophers_files/lee.jpg
Robert Pattinson	INFP	men_files/robert-pattinson.jpg
Robin Thicke	ESTP	men_files/robin-thicke.jpg
Robin Williams	ENFP	men_files/robin-williams.jpg
Rodney Mullen	ISTP	files2/rodney-mullen.jpg
Roger Ebert	ESTJ	files2/roger-ebert.jpg
Roger Waters	INTJ	men_files/roger-waters.jpg
Ron Paul	ISTP	files2/ron-paul.jpg
Ronald Reagan	ESFP	files2/ronald-reagan.jpg
Rooney Mara	INFJ	women_pics/rooney-mara.jpg
Rosa Parks	ISFJ	files2/rosa-parks.jpg
Rose McGowan	ENTP	women_pics/rose-mcgowan.jpg
Rowan Atkinson	ENTP	men_files/rowan-atkinson.jpg
Rush Limbaugh	ENTJ	files2/rush-limbaugh.jpg
Russell Crowe	INTJ	men_files/russell-crowe.jpg
Ryan Gosling	ISFP	men_files/ryan-gosling.jpg
Ryan Seacrest	ESTP	men_files/ryan-seacrest.jpg
Sacha Baron Cohen	ENTP	men_files/sacha-baron-cohen.jpg
Salma Hayek	ENTP	women_pics/salma-hayek.jpg
Salman Rushdie	ENFP	philosophers_files/rushdie.jpg
Sam Harris	INFJ	philosophers_files/samharris.jpg
Sam Walton	ESFJ	files2/sam-walton.jpg
Sandra Bullock	ENFP	women_pics/sandra-bullock.jpg
Sarah Jessica Parker	ESFJ	women_pics/parker.jpg
Sarah Michelle Gellar	ENFP	women_pics/sarah-michelle-gellar.jpg
Sarah Palin	ESFJ	files2/sarah-palin.jpg
Sasha Grey	ESTP	women_pics/sasha-grey.jpg
Scarlett Johansson	ISTP	women_pics/scarlett-johansson.jpg
Sean Connery	ISTJ	men_files/connery.jpg
Selena Gomez	ESFJ	women_pics/selena-gomez.jpg
Sergey Brin	INTP	files2/sergey-brin.jpg
Shailene Woodley	ENFP	women_pics/shailene-woodley.jpg
Shania Twain	ESFJ	women_pics/shania-twain.jpg
Sharon Stone	ENFP	women_pics/sharon-stone.jpg
Sheryl Sandberg	ENFJ	files2/sheryl-sandberg.jpg
Sigmund Freud	ISTJ	files2/sigmund-freud.jpg
Sigourney Weaver	INTP	women_pics/sigourney-weaver.jpg
Simon Cowell	ISTP	men_files/simon-cowell.jpg
Simone de Beauvoir	INFJ	files2/simone-de-beauvoir.jpg
Siouxsie Sioux	ENTP	women_pics/siouxsie-sioux.jpg
Skrillex	ISFP	men_files/skrillex.jpg
Snoop Dogg	ISTP	men_files/snoop-dogg.jpg
Soeren Kierkegaard	INFP	philosophers_files/kierkegaard.jpg
Sofia Coppola	ISFP	women_pics/sofia-coppola.jpg
Sonia Sotomayor	ESTJ	philosophers_files/sotomayor.jpg
Stanley Kubrick	ISTP	men_files/stanley-kubrick.jpg
Stephen Colbert	ENTP	men_files/stephen-colbert.jpg
Stephen Fry	ENTP	philosophers_files/fry.jpg
Stephen Hawking	INTJ	files2/stephen-hawking.jpg
Stephen R. Covey	ESTP	philosophers_files/covey.jpg
Steve Jobs	ISTP	files2/steve-jobs.jpg
Steve Wozniak	ENTP	files2/steve-wozniak.jpg
Steven Spielberg	ESFP	philosophers_files/spielberg.jpg
Steven Wright	ISTP	men_files/steven-wright.jpg
Stonewall Jackson	ISTJ	files2/stonewall-jackson2.jpg
Sufjan Stevens	INFJ	men_files/sufjan-stevens.jpg
Taylor Swift	ESTP	women_pics/taylor-swift.jpg
Tea Leoni	ENTJ	women_pics/tea-leoni.jpg
Teller	INFP	men_files/teller.jpg
Terrence Malick	INFP	men_files/terrence-malick.jpg
Terry Gilliam	ENTP	men_files/terry-gilliam.jpg
Theodore Roosevelt	ESTP	files2/theodore-roosevelt-main.jpg
Thich Nhat Hanh	ISFP	philosophers_files/hanh.jpg
Thom Yorke	INFP	men_files/thom-yorke.jpg
Thomas Hobbes	ISTJ	philosophers_files/hobbes.jpg
Thomas Jefferson	INFJ	philosophers_files/jefferson.jpg
Tiger Woods	ISFJ	philosophers_files/woods.jpg
Tilda Swinton	INFJ	women_pics/tilda-swinton.jpg
Tim Burton	INFP	philosophers_files/burton.jpg
Tina Fey	INTP	women_pics/tina-fey.jpg
Tom Clancy	ESTJ	files2/tomclancy.jpg
Tom Cruise	ISTP	men_files/tom-cruise.jpg
Tony Blair	ENFJ	philosophers_files/blair.jpg
Tony Robbins	ESFP	files2/tony-robbins.jpg
Tori Amos	INFP	women_pics/tori-amos.jpg
Traci Lords	ESTP	women_pics/traci-lords.jpg
Trent Reznor	ISFP	philosophers_files/reznor.jpg
Tyra Banks	ESFJ	philosophers_files/banks.jpg
Ulysses S. Grant	ISFP	files2/ulysses-s-grant-main.jpg
Uma Thurman	ESTJ	women_pics/uma-thurman.jpg
Umberto Eco	ENFP	files2/umberto-eco.jpg
Vaclav Havel	ENFJ	files2/vaclav-havel.jpg
Vanessa Hudgens	ESFJ	women_pics/vanessa-hudgens.jpg
Victoria Beckham	ESFJ	women_pics/victoria-beckham2.jpg
Vin Diesel	ESFJ	men_files/vin-diesel.jpg
Vincent van Gogh	INFP	files2/vincent-van-gogh.jpg
Virginia Woolf	INFP	philosophers_files/woolf.jpg
Voltaire	ENTP	philosophers_files/voltaire.jpg
Walt Disney	ENFP	files2/walt-disney2.jpg
Warren Buffett	ISTJ	files2/warren-buffett.jpg
Wayne Dyer	ESFP	files2/wayne-dyer.jpg
Werner Heisenberg	ENTP	files2/werner-heisenberg.jpg
Whitney Houston	ESFJ	women_pics/whitney-houston.jpg
Will Smith	ESFP	men_files/will-smith.jpg
William Blake	INFP	philosophers_files/blake.jpg
William Shakespeare	INFP	philosophers_files/shakespeare.jpg
Winston Churchill	ESTP	philosophers_files/churchill.jpg
Woodrow Wilson	INTJ	files2/woodrow-wilson.jpg
Woody Allen	ISTP	men_files/woody-allen.jpg
Woody Harrelson	ESFJ	men_files/woody-harrelson.jpg
Xenophon	ISTJ	philosophers_files/xenophon.jpg
Yulia Tymoshenko	ISTP	files2/yulia-tymoshenko.jpg
Zac Efron	ISFP	men_files/zac-efron.jpg
Zack de la Rocha	ENFJ	men_files/zack-de-la-rocha.jpg